,SpMax_A,ATSC0c,ATSC2c,ATSC3c,ATSC4c,ATSC5c,ATSC6d,ATSC7d,ATSC7v,ATSC2se,ATSC2pe,ATSC2are,AATSC0c,AATSC2c,AATSC3c,AATSC4c,AATSC5c,AATSC6d,AATSC7v,AATSC2se,AATSC2p,MATS1c,MATS2c,MATS3c,MATS4c,MATS6d,MATS6s,MATS7v,MATS2se,MATS3se,MATS2pe,MATS2are,MATS3are,GATS1c,GATS2c,GATS3c,GATS5c,GATS1s,GATS2s,GATS4v,GATS2se,GATS5se,GATS2pe,GATS2are,BCUTc-1h,BCUTc-1l,BCUTd-1l,BCUTv-1h,BCUTp-1h,BCUTi-1l,AXp-5d,SdsCH,SdssC,SssNH,SaaNH,SdO,SssO,PEOE_VSA6,PEOE_VSA10,PEOE_VSA11,PEOE_VSA12,PEOE_VSA13,EState_VSA3,VSA_EState1,VSA_EState3,VSA_EState5,VSA_EState9,TopoPSA,SRW05,nBase_0,nBase_1,nS_0,nS_1,nS_2,nS_3,nBondsD_0,nBondsD_1,nBondsD_2,nBondsD_3,nBondsD_4,nBondsD_5,nBondsD_6,NdsCH_0,NdsCH_1,NdsCH_2,NdssC_0,NdssC_1,NdssC_2,NdssC_3,NdssC_4,NssNH_0,NssNH_1,NssNH_2,NssNH_3,NssNH_4,NssNH_6,NaaNH_0,NaaNH_1,NaaNH_2,NdO_0,NdO_1,NdO_2,NdO_3,NdO_4,NdO_5,NdO_6,NssO_0,NssO_1,NssO_2,n5Ring_0,n5Ring_1,n5Ring_2,n5Ring_3,n5HRing_0,n5HRing_1,n5HRing_2,n5HRing_3,nARing_0,nARing_1,nARing_2,n5ARing_0,n5ARing_1,nAHRing_0,nAHRing_1,n5AHRing_0,n5AHRing_1,nFRing_0,nFRing_1,nFRing_2,nFHRing_0,nFHRing_1,nFHRing_2,cl_conc_(mm),time_between_transporter_added_and_lysis_(s),thiourea,urea,squaramide,indole,tambjamine,carbazole,acridinone,perenosin,bisbzimpy,isophthalamides_dipicolineamides
0,0.6099388753219941,0.2080583902047733,0.10523603754237347,0.6936993138138793,0.519532733701085,0.2897030835596753,0.25414737769498286,0.3408713763039542,0.49710707109338753,0.010179074465530371,0.010810892148687658,0.010622124556091841,0.23219021675561802,0.19038566123032674,0.5917819657095759,0.420913983065731,0.44150316857880934,0.19609536544037318,0.1877226166968552,0.017878059549841417,0.47786897424470115,0.8237049682744845,0.12489865041567921,0.869125612662472,0.06564329900385146,0.2852043506886345,0.7573645154388765,0.15243659430697476,0.09140967748774345,0.6380184297792766,0.07275409357939344,0.08734770473677325,0.8475341490329054,0.16059763073836697,0.9896919326161372,0.3603329629493812,0.19987921770371697,0.6157675687246752,0.7575808473883148,0.7175091471439585,0.9036895495365997,0.20097324180404563,0.837250237833309,0.8396554920364308,0.2884539023973105,0.015364239398518276,0.9287851896217667,0.0004940300646412155,0.0008592307121411125,0.9964053320019666,0.15329160087910743,1.0,1.0,0.0,0.9928158354526464,0.0,0.5298997630848276,0.2075812085841514,0.5,0.0,0.0,0.0,0.0,0.02985856008311386,0.0,0.8930365744393537,0.938150755990492,0.05569299462981958,0.9999999999999999,1.0,0.0,1.0,0.0,0.0,0.0,0.0,0.0,0.0,1.0,0.0,0.0,0.0,0.0,0.0,1.0,0.0,0.0,0.0,1.0,0.0,1.0,0.0,0.0,0.0,0.0,0.0,0.0,0.0,1.0,1.0,0.0,0.0,0.0,0.0,0.0,0.0,0.0,1.0,0.0,0.0,0.0,0.0,1.0,0.0,0.0,0.0,1.0,0.0,1.0,0.0,0.0,1.0,0.0,1.0,0.0,1.0,1.0,0.0,0.0,1.0,0.0,0.0,489,270,0,0,0,0,1,0,0,0,0,0
1,0.6108378134857597,1.0,0.8954772143997668,0.4076752781953529,0.3770431531793075,0.5754828474866432,0.5678580384757768,0.9521464443212284,0.7091176272588237,0.6347057880114655,0.6089408773545865,0.6113283656176931,0.942207148508311,0.9654336807593511,0.3060884085097819,0.3601330874009944,0.7502988124240495,0.48541618401047015,0.5933255647655359,0.6762072109390119,0.6343367258119721,0.10045113094077895,0.7484376200029788,0.4405088700941881,0.33867674895694627,0.613001129109052,0.7322292456606287,0.4912702204569951,0.6776700711756469,0.24972920306053187,0.6263882804278572,0.6437997410363429,0.4002708090629903,0.8817203796453565,0.011880597841689822,0.43933143674867203,0.7068303208663109,0.29696273052149424,0.19951285346182068,0.7276283719482204,0.11093281188625803,0.3184766987147921,0.06995114266872315,0.07585272465890275,0.8622764265218303,0.8602141253665465,0.8072604799746319,0.008462553661295225,0.020552453071570387,0.9605479997679005,0.09101788537674849,0.0,0.0,0.4053096724256576,0.0,0.41282483476103876,0.0,0.0,0.0,0.5322105542057526,0.0,0.0,0.0,1.0,0.16514558570754853,0.0,0.8648087227564544,0.23121945332770166,0.0,1.0,0.0,1.0,0.0,0.0,0.0,0.0,0.0,1.0,0.0,0.0,0.0,0.0,1.0,0.0,0.0,0.0,0.0,1.0,0.0,0.0,0.0,0.0,0.0,0.0,1.0,0.0,1.0,0.0,0.0,0.0,0.0,1.0,0.0,0.0,0.0,0.0,1.0,0.0,0.0,1.0,0.0,0.0,0.0,1.0,0.0,0.0,0.0,1.0,0.0,0.0,1.0,0.0,1.0,0.0,1.0,0.0,1.0,0.0,0.0,1.0,0.0,0.0,489,270,0,1,0,0,0,0,0,0,0,0
2,0.22857874026330638,0.23293205944844553,0.3616472356703565,0.3906529574339456,0.8459653327762486,0.06607349939607166,0.33816746255097846,0.5199414657283694,0.6977536372184074,0.040988857109027915,0.020572604765040015,0.02330151429892434,0.3467284370173537,0.49742918758634824,0.25044158921364396,0.7950402778942045,0.1473633064288444,0.2776886084587926,0.48191145262953017,0.05935070240948907,0.28866418485806,0.4245573719294482,0.5706017303720634,0.2463296014002364,0.687273139517359,0.4069903509692296,0.8212923192086954,0.44776816268599523,0.2858059647688356,0.3820043013874578,0.12890595647415456,0.17034933896264084,0.6972139736525824,0.44470020844468783,0.6560652948622138,0.6746108626877931,0.4701144728749531,0.1516317636542135,0.439040308719875,0.5498414116594366,0.5799398335409793,0.3380799047902773,0.6962455839853184,0.6689706894284781,0.30686220732794767,0.00228785315002078,0.8088149998532401,0.9995513599268806,0.9933285950870889,0.015204918621247288,0.608783205585272,0.0,0.51287478052361,0.3488117021698891,0.0,0.19907134200430304,0.48534976834009824,0.2750143610227025,0.5,0.23386535788386004,0.0,0.5193228878831667,0.17740008628861723,0.02734827646448358,0.15152119605762362,0.8266821904057698,0.9336740314111915,0.23236589633741633,0.0,1.0,0.0,0.0,1.0,0.0,0.0,0.0,0.0,1.0,0.0,0.0,0.0,0.0,1.0,0.0,0.0,0.0,0.0,1.0,0.0,0.0,0.0,0.0,1.0,0.0,0.0,0.0,1.0,0.0,0.0,0.0,1.0,0.0,0.0,0.0,0.0,0.0,0.0,1.0,0.0,1.0,0.0,0.0,0.0,1.0,0.0,0.0,0.0,1.0,0.0,0.0,1.0,0.0,1.0,0.0,1.0,0.0,1.0,0.0,0.0,1.0,0.0,0.0,489,270,1,0,0,0,0,0,0,0,0,0
3,0.35441753736116777,0.5631858150978826,0.7244572626358864,0.20683079094381057,0.4412549089165324,0.45999473924773937,0.37367531369871926,0.4756548836303437,0.8062434685054177,0.16308106390335148,0.12391323560172916,0.13026620053004218,0.6461847956093929,0.9178630679275632,0.0688987096260219,0.3229358954632186,0.7064767636779277,0.32963953803432056,0.7841387893491263,0.21535001117699715,0.1373732562703323,0.3935568090731154,0.8571904739337609,0.1448150162778598,0.21846066675132464,0.49287272846574254,0.29451935930162626,0.7628903606229722,0.5557880581558654,0.07712094238408174,0.4334093133137525,0.49169182746959333,0.10477084587392049,0.3411524630504075,0.21765758426391246,0.6641116440587775,0.4955976887376503,0.07005675864236982,0.12796290167568547,0.7417681476024951,0.033009696586533244,0.7256185093770019,0.03773832624184392,0.0202535551233487,0.6067457944604331,0.618857282306464,0.7383846257853737,0.005268496111447085,0.008882456504476277,0.9767608440117499,0.3931815028733199,0.0,0.3046427311302781,0.6260503811761684,0.0,0.7680015127068462,0.0,0.127421155515409,0.0,0.0,0.0,1.0,0.37802673850126167,0.0,0.7881212028670662,0.71926003535984,0.8648087227564544,0.7518252579496773,0.0,1.0,0.0,1.0,0.0,0.0,0.0,0.0,0.0,0.0,0.0,1.0,0.0,0.0,1.0,0.0,0.0,0.0,0.0,1.0,0.0,0.0,0.0,0.0,0.0,0.0,1.0,0.0,1.0,0.0,0.0,0.0,0.0,0.0,0.0,1.0,0.0,0.0,1.0,0.0,0.0,1.0,0.0,0.0,0.0,1.0,0.0,0.0,0.0,1.0,0.0,0.0,1.0,0.0,1.0,0.0,1.0,0.0,1.0,0.0,0.0,1.0,0.0,0.0,489,270,0,1,0,0,0,0,0,0,0,0
4,0.25696302481114586,0.44489965888038807,0.7311536216348433,0.24555854398458288,0.6570553220514901,0.29822586909990834,0.37499669844288414,0.48881874452234875,0.8879346890639652,0.09794709012700038,0.06668716371690435,0.07718176639362229,0.31850081128702556,0.7565768735787688,0.19742698391055732,0.6100980098997075,0.43811903310176664,0.3232033391489914,0.8808231895155035,0.10250330667388055,0.24361100243891906,0.09644158522868351,0.9527861474615575,0.1402742968369045,0.4215042081495952,0.4888171353021989,0.17470029852107788,0.8580865851790317,0.49267753971780565,0.09931878215290585,0.2897764472846396,0.37949014703745315,0.16340958680279755,0.6105400355906792,0.1243288602311936,0.8467263660727307,0.7210908911058129,0.0,0.2020026487953166,0.5290343448886636,0.15229863221535728,0.9135179471691178,0.2637841682162414,0.20659116823599216,0.4338128041814193,0.5742606324248356,0.0,0.00933017302726924,0.024752858242488518,0.9677431817790563,0.509820876134268,0.0,0.3795182916254977,0.6737423675507569,0.0,0.40810262798027996,0.0,0.254842311030818,0.0,0.0,0.0,0.0,0.5629212858944936,0.0,0.9306226056500337,0.71926003535984,0.8648087227564544,0.6674711880769928,0.0,1.0,0.0,1.0,0.0,0.0,0.0,0.0,0.0,0.0,1.0,0.0,0.0,0.0,1.0,0.0,0.0,0.0,0.0,1.0,0.0,0.0,0.0,0.0,0.0,0.0,1.0,0.0,1.0,0.0,0.0,0.0,0.0,1.0,0.0,0.0,0.0,0.0,1.0,0.0,0.0,1.0,0.0,0.0,0.0,1.0,0.0,0.0,0.0,1.0,0.0,0.0,1.0,0.0,1.0,0.0,1.0,0.0,1.0,0.0,0.0,1.0,0.0,0.0,500,300,0,1,0,0,0,0,0,0,0,0
5,0.7698849086271373,0.3142855949548412,0.19208427456296995,0.7684454481667279,0.6580190813024542,0.023992069063872218,0.29891845913429554,0.8336339719172002,0.6967313905087305,0.3701170111289407,0.3583929490162504,0.36402837511716074,0.5275371606756453,0.2800724984866059,0.7560636535625136,0.5286362668750789,0.044479105214013964,0.19420280119365801,0.4861777636915472,0.5845004514349451,0.6753363475456778,0.41664654251601085,0.2776644065148806,0.9562220453033505,0.3816320808812643,0.3497260085434478,0.8379709071623667,0.40456228690484275,0.7898763784305054,0.44451149767699655,0.7438418613992109,0.7614776938051766,0.6602616609913993,0.7054912696692797,0.43512991527128986,0.30623836006397953,0.17915311830513758,0.14846179072096655,0.05423349211166262,0.6867462135403746,0.04404614567711623,0.4518191405643833,0.0,0.0,0.7959378050153161,0.8079088046851841,0.7873059224362251,0.9999992902610941,0.9999844321829858,2.753353101070388e-13,0.10745208077586477,0.0,0.4881281195120738,0.35271097272713453,0.0,0.0,0.0,0.2566306216693934,0.0,0.0,0.0,0.0,0.5279148537279059,0.4141499307173209,0.14371396524514438,0.71926003535984,0.8648087227564544,0.26730223858082436,0.0,1.0,0.0,0.0,0.0,1.0,0.0,0.0,0.0,1.0,0.0,0.0,0.0,0.0,1.0,0.0,0.0,1.0,0.0,0.0,0.0,0.0,0.0,0.0,1.0,0.0,0.0,0.0,1.0,0.0,0.0,1.0,0.0,0.0,0.0,0.0,0.0,0.0,1.0,0.0,0.0,1.0,0.0,0.0,0.0,1.0,0.0,0.0,0.0,1.0,0.0,0.0,1.0,0.0,1.0,0.0,1.0,0.0,1.0,0.0,0.0,1.0,0.0,0.0,489,270,0,0,1,0,0,0,0,0,0,0
6,0.7698849086271373,0.47932535685397315,0.0,0.8660001680573068,0.761333642095945,0.0,0.29891845913429554,0.8336339719172002,0.8342806389519433,0.3441303146614617,0.33480799371826425,0.33631752103240636,0.7645320110991807,0.0,0.8956460482973753,0.6766671851063905,0.0,0.19420280119365801,0.8942728983600422,0.5434357654735823,0.3971209490142037,0.6316841166620941,0.053980647439188456,0.9974042648320414,0.5544010903754452,0.3497260085434478,0.5246669498637289,0.9181401273383969,0.6802388362706797,0.5692649720821953,0.6481723653022043,0.6663010015361469,0.8316020788516396,0.4346524699731451,0.5940892163173043,0.10874405645692087,0.3643964406493019,0.1819826839083043,0.17319786083550448,0.7698509760494585,0.10391979248907551,0.5310073901431863,0.05247116045131239,0.05753929654566109,0.9916041103295332,0.6167643368388798,0.7873059224362251,0.006630858417319807,0.022834472268399963,0.9634666191030767,0.10745208077586477,0.0,0.4881281195120738,0.31092911250101485,0.0,0.39243210834885167,0.0,0.0,0.9891946376663322,0.0,0.0,0.9545316828691385,0.0,0.4088142201673944,0.12668972366290313,0.71926003535984,0.8648087227564544,0.0860435648343692,0.0,1.0,0.0,1.0,0.0,0.0,0.0,0.0,0.0,1.0,0.0,0.0,0.0,0.0,1.0,0.0,0.0,1.0,0.0,0.0,0.0,0.0,0.0,0.0,1.0,0.0,0.0,0.0,1.0,0.0,0.0,0.0,0.0,1.0,0.0,0.0,0.0,0.0,1.0,0.0,0.0,1.0,0.0,0.0,0.0,1.0,0.0,0.0,0.0,1.0,0.0,0.0,1.0,0.0,1.0,0.0,1.0,0.0,1.0,0.0,0.0,1.0,0.0,0.0,489,270,0,0,1,0,0,0,0,0,0,0
7,0.7698849086271373,0.3924008811976166,0.11452507691608585,0.8045843429578345,0.7101219973936155,0.011991206928234605,0.29891845913429554,0.8336339719172002,0.769932553365937,0.3573227096889294,0.3468147139722457,0.3504400770792383,0.6397096478742926,0.16698568638289962,0.8077715922831805,0.603290240644762,0.022230602670575972,0.19420280119365801,0.7033584371754537,0.5642826460903304,0.540836060433167,0.5183225702510212,0.17492489456319618,0.9624699834463983,0.4790468995592474,0.3497260085434478,0.6903975009375191,0.6637602866306203,0.7316906425240457,0.4813162648512432,0.6937510234620029,0.7116486817977855,0.6940110666957444,0.5626574143297733,0.5035786956781468,0.21211905045350332,0.2764177008179285,0.16317599476924805,0.11587879543313773,0.7203076146670493,0.0749247991194214,0.491873842561673,0.02642757850953037,0.02879741708297856,0.8091533341346913,0.6387405849667616,0.7873059224362251,0.9995614388046326,0.9941603739328366,0.012012308752291645,0.10745208077586477,0.0,0.4881281195120738,0.33182004261407466,0.0,0.1996981307227993,0.0,0.1283153108346967,0.8868143361265473,0.0,1.0,0.0,0.0,0.4094745307056546,0.13520184445402375,0.71926003535984,0.8648087227564544,0.1766729017075967,0.0,1.0,0.0,0.0,1.0,0.0,0.0,0.0,0.0,1.0,0.0,0.0,0.0,0.0,1.0,0.0,0.0,1.0,0.0,0.0,0.0,0.0,0.0,0.0,1.0,0.0,0.0,0.0,1.0,0.0,0.0,0.0,1.0,0.0,0.0,0.0,0.0,0.0,1.0,0.0,0.0,1.0,0.0,0.0,0.0,1.0,0.0,0.0,0.0,1.0,0.0,0.0,1.0,0.0,1.0,0.0,1.0,0.0,1.0,0.0,0.0,1.0,0.0,0.0,489,270,0,0,1,0,0,0,0,0,0,0
8,0.8204578447595097,0.6169310553020143,0.28586343925377605,0.8999649279074202,0.14631689308168572,0.3948181836754636,1.0,0.0,0.7436948683679296,0.5898361473008398,0.5715859892544649,0.5802252502854356,0.7953221084081998,0.3959912675198799,0.875952864084458,0.0,0.642585428919062,1.0,0.6389202915809936,0.7882889931104474,1.0,0.3525226817818956,0.3693145557411739,0.9655778115756035,0.013785402332822771,1.0,1.0,0.5663792279056116,0.7659804256579721,0.4117359532425966,0.7297529519194196,0.7388408561442668,0.6226035733749533,0.829127504320684,0.2571714551042671,0.10700226021419046,0.7018254186076511,0.2779536506320579,0.09916036380473892,0.4875170838354377,0.0760708030592454,0.1936064011849452,0.025705086642665576,0.029334785479483982,0.8557405597195031,0.8094546996748881,0.7873059224471906,1.0,1.0,0.0,0.0,0.0,0.4881281195120738,0.2675125715595011,0.0,0.0,0.0,0.2566306216693934,0.0,0.0,0.0,0.0,0.4032166704853532,0.8483343278058557,0.10899942271283836,0.71926003535984,0.8648087227564544,0.26730223858082436,0.0,1.0,0.0,0.0,0.0,1.0,0.0,0.0,0.0,1.0,0.0,0.0,0.0,0.0,1.0,0.0,0.0,1.0,0.0,0.0,0.0,0.0,0.0,0.0,1.0,0.0,0.0,0.0,1.0,0.0,0.0,1.0,0.0,0.0,0.0,0.0,0.0,0.0,1.0,0.0,0.0,1.0,0.0,0.0,0.0,1.0,0.0,0.0,0.0,1.0,0.0,0.0,1.0,0.0,1.0,0.0,1.0,0.0,1.0,0.0,0.0,1.0,0.0,0.0,489,270,0,0,1,0,0,0,0,0,0,0
9,0.23580149185474308,0.32158825060928564,0.4717335002958011,0.3986921420504095,0.6674434549067302,0.13974311689475766,0.35376235290293223,0.6139214504820333,0.8278250479307716,0.041259105905618675,0.008917518496858342,0.011197597963176039,0.2133634189348832,0.5281977401198661,0.3186341607354212,0.6189872442060228,0.2702261469466925,0.30260523295216996,0.7944356938054863,0.048417594206884934,0.025178939523507526,0.3813144144231253,0.7048982896333343,0.30608959629459465,0.3976243777365954,0.4549658593486432,0.6173548855903673,0.7579151223510302,0.32097263254794206,0.12285377642327833,0.05475792143365167,0.0877114703463337,0.31004870761525694,0.4865748142007891,0.41255940626701404,0.7360690898794213,0.7751017488976286,0.010883729808804032,0.24551084609615892,0.6769991340080423,0.42069267951129713,0.6545417942707409,0.5712968368857544,0.5724902953339905,0.23362206896657667,0.5742381335452975,1.0658141036401503e-14,0.9998673003905036,0.9948394161823031,0.014338911996452097,0.5058078977776093,0.0,0.6348105823930674,0.7660693868154066,0.0,0.0,0.0,0.254842311030818,0.0,0.4677307157677201,0.0,0.0,0.5723071959198704,0.0,0.9950860234529002,0.71926003535984,0.8648087227564544,0.8487298618234479,0.0,1.0,0.0,0.0,0.0,1.0,0.0,0.0,0.0,0.0,1.0,0.0,0.0,0.0,1.0,0.0,0.0,0.0,0.0,1.0,0.0,0.0,0.0,0.0,0.0,0.0,1.0,0.0,1.0,0.0,0.0,1.0,0.0,0.0,0.0,0.0,0.0,0.0,1.0,0.0,0.0,1.0,0.0,0.0,0.0,1.0,0.0,0.0,0.0,1.0,0.0,0.0,1.0,0.0,1.0,0.0,1.0,0.0,1.0,0.0,0.0,1.0,0.0,0.0,500,300,1,0,0,0,0,0,0,0,0,0
10,0.35058873766676424,0.14970629481046432,0.3588207916366952,0.4749697636943891,0.8405814393786728,0.07560475596474925,0.3816999131548051,0.5344964696860245,0.8166063715808854,0.25847344360975105,0.2484378800540827,0.2439236318243284,0.27704087170402747,0.5059235792196225,0.34894336835688494,0.7889129766199969,0.1459617293939643,0.35478667700430006,0.8486307360888956,0.38020409604226335,0.19728577508455347,0.19113031496576416,0.6208697832385993,0.39072699864777116,0.6888340163405804,0.5341579751362858,0.8101406333848529,0.8116857646094258,0.8137802640549407,0.5228145772420955,0.7163079758811972,0.7393704530896643,0.8523198459700947,0.9294364077634079,0.272800876446024,0.479879504279491,0.5957274862338935,0.09942574222292466,0.0,0.2814464480127499,0.0002845098209937058,0.3691457747396124,0.03083575485483403,0.0129671934272238,0.7729199067179922,1.0,0.8144818334700155,0.9995512965654019,0.9933278759499755,0.01520599529724187,0.567581090584419,0.0,0.5518658927982103,0.36059446761405684,0.0,0.0,0.0,0.2750143610227025,0.0,0.23386535788386004,0.0,0.0,0.17945949721731663,0.2015057759764551,0.15768179339474434,0.71926003535984,0.8648087227564544,0.07367404815060646,0.0,1.0,0.0,0.0,1.0,0.0,0.0,0.0,1.0,0.0,0.0,0.0,0.0,0.0,1.0,0.0,0.0,0.0,1.0,0.0,0.0,0.0,0.0,0.0,1.0,0.0,0.0,0.0,1.0,0.0,0.0,1.0,0.0,0.0,0.0,0.0,0.0,0.0,1.0,0.0,0.0,1.0,0.0,0.0,0.0,1.0,0.0,0.0,0.0,1.0,0.0,0.0,1.0,0.0,1.0,0.0,1.0,0.0,1.0,0.0,0.0,1.0,0.0,0.0,489,270,1,0,0,0,0,0,0,0,0,0
11,0.132798492815688,0.1604568646628315,0.310364597571263,0.40871594523375826,0.7064530739765799,0.26872337233189114,0.34330927768025493,0.5403437530431395,0.7658167929548995,0.023284858262532182,0.002812702506180968,0.006428912230266464,0.27825213741694244,0.4381703575525275,0.2649291464882467,0.5980333426995657,0.474512050722718,0.2848580067923581,0.6899722212914893,0.0353130301538173,0.23701893128696577,0.5544305611049247,0.5166720083132413,0.23525264656234263,0.3891977195382622,0.4170825267552794,0.5570128709019637,0.6521941687147604,0.20293031290687485,0.3154543122153482,0.022959407988472468,0.05571134854194111,0.5531933920893737,0.414608406416034,0.7868255973526966,0.7683996861845999,0.0,0.7008750366957962,1.0,0.5426300386603056,0.8989491775227292,0.0,0.9999999999999999,1.0,0.13788225129295317,0.0023548213838910925,0.8157661711543387,0.9995512382481948,0.9933263421220664,0.015205986952464556,0.7601359638196519,0.0,0.5881474288511112,0.38866937497622905,0.0,0.0,0.4906258720037671,0.2750143610227025,0.5,0.23386535788386004,0.0,0.0,0.08495281259200124,0.027645572046065443,0.17524352021417583,0.8971644394693682,0.9366071548711883,0.129367042780426,0.0,1.0,0.0,0.0,1.0,0.0,0.0,0.0,1.0,0.0,0.0,0.0,0.0,0.0,1.0,0.0,0.0,0.0,1.0,0.0,0.0,0.0,0.0,0.0,1.0,0.0,0.0,0.0,1.0,0.0,0.0,1.0,0.0,0.0,0.0,0.0,0.0,0.0,0.0,1.0,0.0,1.0,0.0,0.0,0.0,1.0,0.0,0.0,0.0,1.0,0.0,0.0,1.0,0.0,1.0,0.0,1.0,0.0,1.0,0.0,0.0,1.0,0.0,0.0,489,270,1,0,0,0,0,0,0,0,0,0
12,0.15210129931368854,0.009129649794343386,0.33777816950904227,0.40862066401977715,0.8182954661933397,0.17255077827874926,0.3193831692316207,0.5148569231614214,0.7009926078582378,0.03794438405836552,0.012766463853804503,0.01719899324395987,0.0,0.42778710509403306,0.313924508513821,0.7509506027775723,0.30766857962036126,0.26202255557664944,0.5623361475154321,0.048309479526981995,0.11504226071315227,0.30442632176820195,0.7331581791051127,0.09264953976771628,0.6591994820663842,0.3594069853908052,0.41319011119808025,0.5298863341863993,0.5056340432444715,0.44821955062506996,0.1304475459075177,0.197294515999245,0.7110873052641367,0.7663753464030347,0.4113383006536365,0.8974196037126916,0.6765413853280091,1.0,0.8273170639308569,0.3691825518877305,0.4856841555163823,0.6140895094690136,0.8232471261373945,0.7790730301657511,0.003981346545291364,0.938362647820252,0.8157382451239759,0.9995515505825461,0.9933311771759086,0.015203317746006917,0.7653201663963014,0.0,0.5954699697840449,0.39832342071799826,0.0,0.0,0.0,0.6100167251222629,0.0,0.23386535788386004,0.0,0.0,0.0,0.0,0.18041278068051902,0.71926003535984,0.8648087227564544,0.07367404815060646,0.0,1.0,0.0,0.0,1.0,0.0,0.0,0.0,1.0,0.0,0.0,0.0,0.0,0.0,1.0,0.0,0.0,0.0,1.0,0.0,0.0,0.0,0.0,0.0,1.0,0.0,0.0,0.0,1.0,0.0,0.0,1.0,0.0,0.0,0.0,0.0,0.0,0.0,1.0,0.0,0.0,1.0,0.0,0.0,0.0,1.0,0.0,0.0,0.0,1.0,0.0,0.0,1.0,0.0,1.0,0.0,1.0,0.0,1.0,0.0,0.0,1.0,0.0,0.0,489,270,1,0,0,0,0,0,0,0,0,0
13,0.7698849086271373,0.3142855949548412,0.19208427456296995,0.7684454481667279,0.6580190813024542,0.023992069063872218,0.29891845913429554,0.8336339719172002,0.6967313905087305,0.3701170111289407,0.3583929490162504,0.36402837511716074,0.5275371606756453,0.2800724984866059,0.7560636535625136,0.5286362668750789,0.044479105214013964,0.19420280119365801,0.4861777636915472,0.5845004514349451,0.6753363475456778,0.41664654251601085,0.2776644065148806,0.9562220453033505,0.3816320808812643,0.3497260085434478,0.8379709071623667,0.40456228690484275,0.7898763784305054,0.44451149767699655,0.7438418613992109,0.7614776938051766,0.6602616609913993,0.7054912696692797,0.43512991527128986,0.30623836006397953,0.17915311830513758,0.14846179072096655,0.05423349211166262,0.6867462135403746,0.04404614567711623,0.4518191405643833,0.0,0.0,0.7959378050153161,0.8079088046851841,0.7873059224362251,0.9999992902610941,0.9999844321829858,2.753353101070388e-13,0.10745208077586477,0.0,0.4881281195120738,0.35271097272713453,0.0,0.0,0.0,0.2566306216693934,0.0,0.0,0.0,0.0,0.5279148537279059,0.4141499307173209,0.14371396524514438,0.71926003535984,0.8648087227564544,0.26730223858082436,0.0,1.0,0.0,0.0,0.0,1.0,0.0,0.0,0.0,1.0,0.0,0.0,0.0,0.0,1.0,0.0,0.0,1.0,0.0,0.0,0.0,0.0,0.0,0.0,1.0,0.0,0.0,0.0,1.0,0.0,0.0,1.0,0.0,0.0,0.0,0.0,0.0,0.0,1.0,0.0,0.0,1.0,0.0,0.0,0.0,1.0,0.0,0.0,0.0,1.0,0.0,0.0,1.0,0.0,1.0,0.0,1.0,0.0,1.0,0.0,0.0,1.0,0.0,0.0,489,270,0,0,1,0,0,0,0,0,0,0
14,0.1327984928156889,0.07272073563625059,0.3882846740910139,0.35214136440626354,0.9359152769532865,0.16049534902655674,0.3451607111050599,0.5460103816747767,0.7320349949670382,0.05680698206055737,0.03143003680458796,0.034874604066257114,0.18065331254708827,0.5576258669904892,0.19128090451699875,0.9413516078792808,0.29789926481572016,0.28653223160216224,0.5759951961640402,0.08740188281584275,0.06392944368939257,0.13473445326587874,0.791005408417768,0.0,1.0,0.42147244640189685,0.331057826170181,0.5429603547192627,0.5139479579839374,0.4931795827219504,0.2683950556339258,0.33006768119723945,0.8645444642192606,0.7163787919690883,0.2976464176691106,0.8782175126632703,0.8743740050582844,0.11112274401777211,0.3310707339514306,0.19533915446307226,0.17867557198701017,0.8531874051333076,0.42435031836133197,0.36591390238411964,0.2789561007188339,0.7688838731428116,0.8088154976049058,0.9995512425225046,0.9933264457859283,0.01520599107539411,0.8504956364812768,0.0,0.5232615810756901,0.3491463901370899,0.0,0.19641694952437233,0.0,0.46614609429581594,0.0,0.23386535788386004,0.0,0.5193228878831667,0.17740008628861723,0.0,0.15230428015142652,0.684546654291312,0.8648087227564544,0.1766729017075967,0.0,1.0,0.0,0.0,1.0,0.0,0.0,0.0,0.0,1.0,0.0,0.0,0.0,0.0,1.0,0.0,0.0,0.0,0.0,1.0,0.0,0.0,0.0,0.0,1.0,0.0,0.0,0.0,1.0,0.0,0.0,0.0,1.0,0.0,0.0,0.0,0.0,0.0,1.0,0.0,0.0,1.0,0.0,0.0,0.0,1.0,0.0,0.0,0.0,1.0,0.0,0.0,1.0,0.0,1.0,0.0,1.0,0.0,1.0,0.0,0.0,1.0,0.0,0.0,489,270,1,0,0,0,0,0,0,0,0,0
15,0.3942263169937741,0.22235849895498455,0.4072484032188442,0.41914438894502287,1.0,0.13654226830909025,0.3238137196625503,0.6163889179987544,0.7371561434008396,0.2733583469419975,0.26218522705535696,0.2574065204573826,0.3474819953560806,0.5594821032628459,0.28620075149170043,1.0,0.2559690446871343,0.24971709857635366,0.6044407122067162,0.3862453505670899,0.24939838865010622,0.1180689280357492,0.6542051889352727,0.3054781824942866,0.9721194431261575,0.37921802742527594,0.5657798005915005,0.5632485910474769,0.7762534376838854,0.5238400329545746,0.6966150414086646,0.7197169516876272,0.8786987252529675,0.8775894475860171,0.2206560655967159,0.4792535164958194,0.4667484428341153,0.09028737700694245,0.054278286915842966,0.3147357540317981,0.0,0.45819183987843537,0.017478352665631913,0.0022040686488259964,0.7736873021659805,0.7694569653298553,0.8088136963378254,0.9995514182894949,0.993330133609251,0.015204927837629612,0.4615586510004961,0.0,0.43702645981025856,0.3266818570583789,0.0,0.19774957417165517,0.0,0.2750143610227025,0.0,0.23386535788386004,0.0,0.5193228878831667,0.10875351167131798,0.20208132420073385,0.13763875052799823,0.6082699582101077,0.8648087227564544,0.1766729017075967,0.0,1.0,0.0,0.0,1.0,0.0,0.0,0.0,0.0,1.0,0.0,0.0,0.0,0.0,1.0,0.0,0.0,0.0,0.0,1.0,0.0,0.0,0.0,0.0,1.0,0.0,0.0,0.0,1.0,0.0,0.0,0.0,1.0,0.0,0.0,0.0,0.0,0.0,1.0,0.0,0.0,1.0,0.0,0.0,0.0,1.0,0.0,0.0,0.0,1.0,0.0,0.0,1.0,0.0,1.0,0.0,1.0,0.0,1.0,0.0,0.0,1.0,0.0,0.0,489,270,1,0,0,0,0,0,0,0,0,0
16,0.8204578447595097,0.7819712371205528,0.09394122796445495,1.0,0.2769159333481559,0.4279234863025011,1.0,0.0,0.7355207834479296,0.550043629699277,0.5334478545664619,0.5364218835020983,1.0,0.16033973174127153,1.0,0.1462974144555237,0.691684795372857,1.0,0.6186012925152161,0.7353366440509725,0.7195710888542779,0.5136415929121392,0.2013951933193442,0.9957604533691128,0.2072168317610345,1.0,0.6714431994776129,0.5208558658318209,0.699708940133078,0.4790705052003206,0.671339089647968,0.6824112607417394,0.7067748789895262,0.6212439692849658,0.3909886084923605,0.0,0.6709735075114185,0.33172759541930963,0.19218912130723287,0.5436042732124164,0.12448162592364359,0.2778008568058734,0.07378450185823926,0.08106480423397183,1.0,0.6168229314611775,0.7873059224471906,0.008234860186911774,0.026514632660808335,0.9602363823599376,0.0,0.0,0.4881281195120738,0.22573071133338138,0.0,0.39673070737353683,0.0,0.0,0.9891946376663322,0.0,0.0,0.9545316828691385,0.0,0.8466363674648316,0.0919751811305971,0.71926003535984,0.8648087227564544,0.0860435648343692,0.0,1.0,0.0,1.0,0.0,0.0,0.0,0.0,0.0,1.0,0.0,0.0,0.0,0.0,1.0,0.0,0.0,1.0,0.0,0.0,0.0,0.0,0.0,0.0,1.0,0.0,0.0,0.0,1.0,0.0,0.0,0.0,0.0,1.0,0.0,0.0,0.0,0.0,1.0,0.0,0.0,1.0,0.0,0.0,0.0,1.0,0.0,0.0,0.0,1.0,0.0,0.0,1.0,0.0,1.0,0.0,1.0,0.0,1.0,0.0,0.0,1.0,0.0,0.0,489,270,0,0,1,0,0,0,0,0,0,0
17,0.22504621651536638,0.3982011541314239,0.7363382651470269,0.22358970120107463,0.705381715034346,0.19742999129404376,0.35646402398840527,0.6645206484586476,0.8158089203847668,0.10183153413378015,0.07045784705165094,0.08130802470120377,0.29609858300501246,0.7702984299856495,0.17267990763303498,0.6466583392960965,0.3336501875077147,0.305410244608386,0.7783551109779513,0.10780184660181227,0.16368328369259078,0.0571515259966926,1.0,0.07956526148817428,0.46981178396946144,0.45991085924634206,0.19769432407652832,0.7429329464314679,0.5388498547557801,0.12540963775135355,0.32386090021215963,0.4242004831858143,0.20510721357703904,0.6920409705392516,0.1449740781875276,0.9716201034995184,0.9136239862544422,0.10945550037185459,0.3002796237605978,0.4791357552962161,0.16422071900840235,0.9019827050536101,0.30831788315085684,0.23953244270449164,0.4239381938496414,0.6520505884665468,0.8072550538082854,0.008177929740385892,0.017740181408717248,0.9685495138157094,0.5930413954454099,0.0,0.410327371527777,0.685632805304929,0.0,0.4013088466193288,0.0,0.637105777577045,0.0,0.0,0.0,0.0,0.40652039259326683,0.0,0.4918754461325673,0.71926003535984,0.8648087227564544,0.3803777228021481,0.0,1.0,0.0,1.0,0.0,0.0,0.0,0.0,0.0,0.0,1.0,0.0,0.0,0.0,1.0,0.0,0.0,0.0,0.0,1.0,0.0,0.0,0.0,0.0,0.0,0.0,1.0,0.0,1.0,0.0,0.0,0.0,0.0,1.0,0.0,0.0,0.0,0.0,1.0,0.0,0.0,1.0,0.0,0.0,0.0,1.0,0.0,0.0,0.0,1.0,0.0,0.0,1.0,0.0,1.0,0.0,1.0,0.0,1.0,0.0,0.0,1.0,0.0,0.0,500,300,0,1,0,0,0,0,0,0,0,0
18,0.8204578447595097,0.19978479567989976,0.033951671323506655,0.642577121003779,0.7960557917327509,0.2929193226268103,0.0,1.0,0.0,0.04621187072851239,0.08541293871302544,0.0631708408577742,0.03538138011387282,0.18314254893167048,0.48875515379456036,0.7310013241301927,0.364467696437994,0.11362166553390923,0.2187841585722649,0.04470355817586656,0.9626295880559858,0.8977248755661518,0.0,0.7365015987152816,0.5953057893162569,0.2553144361912352,0.37282222966357315,0.19119625874778623,0.2890681122770869,0.9692716785619804,0.38448288702079175,0.349401260201555,1.0,0.16054122627150536,0.6941239041098842,0.33668323224134244,0.43514704679047966,0.2715765390178374,0.19858481605936584,0.0,0.24484092509530825,0.16976831800609626,0.24705161512209506,0.23475322371201607,0.9882637137692374,0.6166579807914871,0.7873059224471906,0.01158035737697638,0.03418233694551365,0.9512559530590821,0.0,0.0,0.4881281195120738,0.4023694700129117,0.0,0.42362162386444213,0.0,1.0,0.9891946376663322,0.0,0.0,0.9545316828691385,0.18901336925063084,0.0,0.16394758456771458,0.71926003535984,0.8648087227564544,0.0860435648343692,0.0,1.0,0.0,1.0,0.0,0.0,0.0,0.0,0.0,1.0,0.0,0.0,0.0,0.0,1.0,0.0,0.0,1.0,0.0,0.0,0.0,0.0,0.0,0.0,1.0,0.0,0.0,0.0,1.0,0.0,0.0,0.0,0.0,1.0,0.0,0.0,0.0,0.0,1.0,0.0,0.0,1.0,0.0,0.0,0.0,1.0,0.0,0.0,0.0,1.0,0.0,0.0,1.0,0.0,1.0,0.0,1.0,0.0,1.0,0.0,0.0,1.0,0.0,0.0,489,270,0,0,1,0,0,0,0,0,0,0
19,0.0,0.0,0.3378130564784081,0.4129206948017804,0.8357282201398535,0.15536527171649364,0.3419651148884186,0.5646095343891299,0.7346311538971521,0.03611989719000556,0.01146660671179218,0.015796483240095686,0.09496995757424248,0.49585052669788554,0.2605670215718789,0.789883070678655,0.28829969218324414,0.2791037550251031,0.5800173486684368,0.057240373409964705,0.0,0.2559881197268161,0.7704389407280983,0.06345388810700991,0.7361386915983539,0.3992664707130048,0.4375644208554169,0.5487809362115339,0.5361580132732344,0.37692939443383444,0.1489504484060908,0.20833108410001566,0.6391977257910241,0.7570521272130688,0.4149931720363075,1.0,0.9717466386588487,0.8871161210050634,0.8678584868365096,0.1734399491911911,0.4761811747665639,0.917796862723936,0.7956849908096525,0.7732650175592879,0.0,0.9823984730673854,0.8164286163255365,0.9995511209351662,0.9933241993947397,0.015207062222376777,0.9999999999999998,0.0,0.5930731948713652,0.3890906463224104,0.0,0.0,0.0,0.46614609429581594,0.0,0.23386535788386004,0.0,0.0,0.08495281259200124,0.0,0.17624638529058784,0.71926003535984,0.8648087227564544,0.07367404815060646,0.0,1.0,0.0,0.0,1.0,0.0,0.0,0.0,1.0,0.0,0.0,0.0,0.0,0.0,1.0,0.0,0.0,0.0,1.0,0.0,0.0,0.0,0.0,0.0,1.0,0.0,0.0,0.0,1.0,0.0,0.0,1.0,0.0,0.0,0.0,0.0,0.0,0.0,1.0,0.0,0.0,1.0,0.0,0.0,0.0,1.0,0.0,0.0,0.0,1.0,0.0,0.0,1.0,0.0,1.0,0.0,1.0,0.0,1.0,0.0,0.0,1.0,0.0,0.0,489,270,1,0,0,0,0,0,0,0,0,0
20,0.7698849086271373,0.47932535685397315,0.0,0.8660001680573068,0.761333642095945,0.0,0.29891845913429554,0.8336339719172002,0.8342806389519433,0.3441303146614617,0.33480799371826425,0.33631752103240636,0.7645320110991807,0.0,0.8956460482973753,0.6766671851063905,0.0,0.19420280119365801,0.8942728983600422,0.5434357654735823,0.3971209490142037,0.6316841166620941,0.053980647439188456,0.9974042648320414,0.5544010903754452,0.3497260085434478,0.5246669498637289,0.9181401273383969,0.6802388362706797,0.5692649720821953,0.6481723653022043,0.6663010015361469,0.8316020788516396,0.4346524699731451,0.5940892163173043,0.10874405645692087,0.3643964406493019,0.1819826839083043,0.17319786083550448,0.7698509760494585,0.10391979248907551,0.5310073901431863,0.05247116045131239,0.05753929654566109,0.9916041103295332,0.6167643368388798,0.7873059224362251,0.006630858417319807,0.022834472268399963,0.9634666191030767,0.10745208077586477,0.0,0.4881281195120738,0.31092911250101485,0.0,0.39243210834885167,0.0,0.0,0.9891946376663322,0.0,0.0,0.9545316828691385,0.0,0.4088142201673944,0.12668972366290313,0.71926003535984,0.8648087227564544,0.0860435648343692,0.0,1.0,0.0,1.0,0.0,0.0,0.0,0.0,0.0,1.0,0.0,0.0,0.0,0.0,1.0,0.0,0.0,1.0,0.0,0.0,0.0,0.0,0.0,0.0,1.0,0.0,0.0,0.0,1.0,0.0,0.0,0.0,0.0,1.0,0.0,0.0,0.0,0.0,1.0,0.0,0.0,1.0,0.0,0.0,0.0,1.0,0.0,0.0,0.0,1.0,0.0,0.0,1.0,0.0,1.0,0.0,1.0,0.0,1.0,0.0,0.0,1.0,0.0,0.0,489,270,0,0,1,0,0,0,0,0,0,0
21,0.6126579573815789,0.04388188919514985,0.14570933079258003,0.6496105305126803,0.7261243466497547,0.1082073295944898,0.36513240767830446,0.34604148407829377,0.6192089370846469,0.0225446418491655,0.021960254996292065,0.021119007405498165,0.055828381463636834,0.23222942162745336,0.5422443334772209,0.6544935896977413,0.22603649954653277,0.31545570559137875,0.41626344896594464,0.03202640021674482,0.4722247350163928,0.7735308969126177,0.145769197793028,0.8929856183318285,0.3914208085930304,0.47519463508621107,0.4971969339768797,0.38499525044712524,0.23441659162426867,0.7412225017058671,0.2009534713968115,0.21751795423276046,0.9180471359726782,0.2911677893144886,0.7761765690914902,0.5054699631851065,0.5459871498933659,0.733732075337041,0.5317085081023343,0.44828791697406833,0.6327602949017976,0.6892252174581438,0.6316782018405726,0.6157054766308594,0.22637185309597108,0.672151732315047,0.9355881372889527,0.009865832932009155,0.02953235025217049,0.9409080467118685,0.20938918985516763,0.4559361101517329,0.4881281195120738,0.0,0.9999999999999999,0.0,0.0,0.2075812085841514,0.0,0.0,0.0,0.0,0.0,0.0,0.030923604683203734,0.71926003535984,0.8648087227564544,0.0,0.8865852597665356,1.0,0.0,1.0,0.0,0.0,0.0,0.0,1.0,0.0,0.0,0.0,0.0,0.0,0.0,1.0,0.0,1.0,0.0,0.0,0.0,0.0,1.0,0.0,0.0,0.0,0.0,0.0,0.0,0.0,1.0,1.0,0.0,0.0,0.0,0.0,0.0,0.0,1.0,0.0,0.0,0.0,0.0,1.0,0.0,0.0,0.0,1.0,0.0,1.0,0.0,0.0,1.0,0.0,1.0,0.0,1.0,0.0,0.0,1.0,0.0,0.0,1.0,0.0,489,270,0,0,0,1,0,0,0,1,0,0
22,0.5444660296580679,0.37706635014554357,0.4542861286669998,0.3760646961210266,0.7262708312137478,0.1226326339981945,0.447799955211697,0.6136267731359756,0.8049853369984253,0.06869691475559632,0.049434103625171553,0.046831859513464996,0.24485271170662204,0.4829527139183324,0.3198284497476967,0.6784131892754578,0.2597460467988859,0.3671028110655172,0.7447854182711311,0.06788217978533165,0.06255438115538736,0.42783738895057266,0.6049932361292537,0.32333389079898855,0.5096465143928341,0.5691212201313648,0.8191454777404337,0.7074588752158618,0.3921830747937121,0.5422632257998813,0.20409965554179854,0.23583605231391463,0.9031473269588406,0.6165405558447103,0.6447413108099994,0.5504383067578886,0.40038335566013394,0.24411590991371146,0.6152835906001421,0.32434269310877184,0.5030994334367804,0.24854554153397612,0.619650200619846,0.6111799474026796,0.25648022807794124,0.6328922121356022,0.8072491507849371,0.9998660228201963,0.9948148593332169,0.014338929025079494,0.3903407461896353,0.0,0.6734954106840044,0.7893881020756149,0.0,0.0,0.0,0.5103810147481251,0.990332424726275,1.0,0.0,0.0,0.5807622457522316,0.017664844078633196,0.7729043670145115,0.9835666204491496,0.8648087227564544,0.8608580220841128,0.8865852597665356,1.0,0.0,0.0,0.0,1.0,0.0,0.0,0.0,1.0,0.0,0.0,0.0,0.0,1.0,0.0,0.0,0.0,0.0,1.0,0.0,0.0,0.0,0.0,0.0,0.0,1.0,0.0,1.0,0.0,0.0,1.0,0.0,0.0,0.0,0.0,0.0,0.0,1.0,0.0,0.0,0.0,0.0,1.0,0.0,0.0,0.0,1.0,0.0,0.0,1.0,0.0,1.0,0.0,0.0,1.0,1.0,0.0,0.0,1.0,0.0,0.0,1.0,0.0,489,270,1,0,0,0,0,0,0,0,0,0
23,1.0,0.5657227200568044,0.8029042222150456,0.22907839901545862,0.7229599428992398,0.29982665237408035,0.389748936679132,0.3719108251411515,0.8131158660072636,1.0,0.9999999999999999,0.9999999999999999,0.5479344910185099,0.8407138886603032,0.1283848740238096,0.6604532534081954,0.4546137064746405,0.34828418091756425,0.7878132045066967,1.0000000000000002,0.8651795471481072,0.0,0.8484219116149442,0.16974310379810786,0.525017158080018,0.48582381524380985,0.5803626797582953,0.7766631566976387,1.0,0.23919268986801412,1.0,1.0,0.4552494079746087,1.0,0.0,0.8357761742685619,0.5552606120363963,0.47349319539917956,0.13142127315193053,1.0,0.05965142553993796,0.5740506197835035,0.0053030474806676775,0.010997355361976657,0.6544035057572297,0.859867780240555,0.8072604784763993,0.9989293905894119,0.9937007577616304,0.054042379657813555,0.13678870944367438,0.0,0.098842496720211,0.47079804757259613,0.0,0.40781663519973593,0.0,0.40809257920878717,0.8514607183131335,0.5322105542057526,0.0,0.0,0.6048250057280299,0.8429356506659929,0.19182917311357214,0.0683956628925182,0.0,0.23121945332770166,0.0,1.0,0.0,0.0,0.0,1.0,0.0,0.0,0.0,1.0,0.0,0.0,0.0,0.0,1.0,0.0,0.0,0.0,0.0,1.0,0.0,0.0,0.0,0.0,0.0,0.0,1.0,0.0,1.0,0.0,0.0,0.0,0.0,1.0,0.0,0.0,0.0,0.0,1.0,0.0,0.0,1.0,0.0,0.0,0.0,1.0,0.0,0.0,0.0,1.0,0.0,0.0,1.0,0.0,1.0,0.0,1.0,0.0,1.0,0.0,0.0,1.0,0.0,0.0,489,270,0,1,0,0,0,0,0,0,0,0
24,0.23580149185474308,0.4443859093446402,0.7305884480820318,0.270186057255385,0.6622172654301542,0.19082979728269567,0.35376235290293223,0.6139214504820333,0.8501924220371213,0.09794709012700038,0.06668716371690446,0.07718176639362229,0.318062779743408,0.7560793260270262,0.21691997169033672,0.6145151390227463,0.32434617007267896,0.30260523295216996,0.8287226269335721,0.10250330667388055,0.243611002438919,0.09147648328461733,0.9525854645777175,0.17363674487446717,0.42782160770354594,0.4549658593486432,0.23752364271518878,0.8012743814852932,0.49267753971780565,0.09931878215290585,0.28977644728464014,0.3794901470374531,0.1634095868027975,0.6134579443785944,0.12451011750476271,0.8263203720146528,0.8383786185900071,0.0,0.2036656652772033,0.6768851312670572,0.15229863221535728,0.857646220814957,0.2637841682162414,0.20659116823599216,0.43347698637120136,0.5742606323572437,1.0658141036401503e-14,0.009328449405251682,0.02470973243845398,0.9677431819855116,0.5058078977776093,0.0,0.3853432565174204,0.6726350006860655,0.0,0.4046647549778131,0.0,0.254842311030818,0.0,0.0,0.0,0.0,0.7804283092371296,0.0,0.9262129893440645,0.71926003535984,0.8648087227564544,0.6674711880769928,0.0,1.0,0.0,1.0,0.0,0.0,0.0,0.0,0.0,0.0,1.0,0.0,0.0,0.0,1.0,0.0,0.0,0.0,0.0,1.0,0.0,0.0,0.0,0.0,0.0,0.0,1.0,0.0,1.0,0.0,0.0,0.0,0.0,1.0,0.0,0.0,0.0,0.0,1.0,0.0,0.0,1.0,0.0,0.0,0.0,1.0,0.0,0.0,0.0,1.0,0.0,0.0,1.0,0.0,1.0,0.0,1.0,0.0,1.0,0.0,0.0,1.0,0.0,0.0,500,300,0,1,0,0,0,0,0,0,0,0
25,0.35685518073702216,0.6976142399970322,0.7785090064844892,0.3494320062142699,0.7295398866596864,0.057753706867752455,0.3745327729871192,0.5369552127358823,0.8518552703521666,0.4799561002427205,0.4541605796043853,0.45767783036818444,0.4871983863632695,0.7540156348389959,0.2878278443667964,0.6782047952901283,0.19221469324008617,0.32309664945283484,0.8235788290434046,0.42873715134961865,0.4110758817786154,0.08428408303307666,0.7989263226820996,0.35241757721370515,0.5389369245364004,0.4811125130081839,0.5080191479699856,0.8035693832768116,0.7612265063268788,0.3099186123862516,0.6769295480025195,0.7136545606863179,0.49806605873124654,0.830810777815052,0.1231938933655301,0.5763356344069499,0.5737306190143989,0.12365153263835804,0.08892077678670718,0.7274538682690355,0.02696895556188772,0.4989731953071118,0.022509984305761344,0.009114433378400233,0.7999274973203194,0.6520505907594296,0.8072550538755756,0.00926775073040087,0.02239742814611212,0.9684899111467118,0.40874292269535784,0.0,0.31778484572253746,0.6217901849961801,0.0,0.4035137321824826,0.0,0.254842311030818,0.0,0.0,0.0,0.0,0.18901336925063084,0.41147648869034587,0.46063651959755997,0.71926003535984,0.8648087227564544,0.3803777228021481,0.0,1.0,0.0,1.0,0.0,0.0,0.0,0.0,0.0,0.0,1.0,0.0,0.0,0.0,1.0,0.0,0.0,0.0,0.0,1.0,0.0,0.0,0.0,0.0,0.0,0.0,1.0,0.0,1.0,0.0,0.0,0.0,0.0,1.0,0.0,0.0,0.0,0.0,1.0,0.0,0.0,1.0,0.0,0.0,0.0,1.0,0.0,0.0,0.0,1.0,0.0,0.0,1.0,0.0,1.0,0.0,1.0,0.0,1.0,0.0,0.0,1.0,0.0,0.0,500,300,0,1,0,0,0,0,0,0,0,0
26,0.2698714188386102,0.894007327179826,0.7732118875799189,0.40530707241898234,0.6525374767693412,0.01458637457643977,0.27792728833809033,0.5129752567098177,0.7028275837577145,0.16450448907313492,0.13042261818330506,0.13509148314477662,0.4084652810034818,0.6219365754998718,0.35907237498133737,0.6460525444010534,0.1862690207160035,0.2528381830851307,0.64233716709773,0.1178774156672122,0.3364061293449694,0.1968554604941124,0.6971844680500432,0.43618673654478324,0.4910307744533068,0.37060938165344837,0.35725949270252055,0.6013742324514897,0.4604781073991022,0.28906550990496216,0.3149596811008016,0.38184457200298727,0.5220304592001007,0.5838508640674802,0.42149599405618454,0.7527934175504063,1.0,0.08464665418007022,0.27690896006379095,0.32669822283279526,0.3168095509618057,0.9970980498332339,0.3950419704668956,0.3459581485588947,0.5817645008767225,0.1629107394925482,0.8072550538058962,0.00966683226479148,0.02448298537573157,0.967986556354095,0.4847916028806385,0.0,0.26418330406649826,0.6784861430692629,0.0,0.8151270698922463,1.0,0.5351384233220186,0.0,0.0,0.0,0.0,1.0,0.05634756262069517,0.48964852546421783,0.5584170106254673,0.8648087227564544,0.6977614191757677,0.0,1.0,0.0,1.0,0.0,0.0,0.0,0.0,0.0,0.0,0.0,0.0,1.0,0.0,1.0,0.0,0.0,0.0,0.0,0.0,0.0,1.0,0.0,0.0,0.0,0.0,1.0,0.0,1.0,0.0,0.0,0.0,0.0,0.0,0.0,1.0,0.0,0.0,0.0,0.0,1.0,1.0,0.0,0.0,0.0,1.0,0.0,0.0,0.0,1.0,0.0,0.0,1.0,0.0,1.0,0.0,1.0,0.0,1.0,0.0,0.0,1.0,0.0,0.0,500,300,0,1,0,0,0,0,0,0,0,0
27,0.7698849086271373,0.3142855949548412,0.19208427456296995,0.7684454481667279,0.6580190813024542,0.023992069063872218,0.29891845913429554,0.8336339719172002,0.6967313905087305,0.3701170111289407,0.3583929490162504,0.36402837511716074,0.5275371606756453,0.2800724984866059,0.7560636535625136,0.5286362668750789,0.044479105214013964,0.19420280119365801,0.4861777636915472,0.5845004514349451,0.6753363475456778,0.41664654251601085,0.2776644065148806,0.9562220453033505,0.3816320808812643,0.3497260085434478,0.8379709071623667,0.40456228690484275,0.7898763784305054,0.44451149767699655,0.7438418613992109,0.7614776938051766,0.6602616609913993,0.7054912696692797,0.43512991527128986,0.30623836006397953,0.17915311830513758,0.14846179072096655,0.05423349211166262,0.6867462135403746,0.04404614567711623,0.4518191405643833,0.0,0.0,0.7959378050153161,0.8079088046851841,0.7873059224362251,0.9999992902610941,0.9999844321829858,2.753353101070388e-13,0.10745208077586477,0.0,0.4881281195120738,0.35271097272713453,0.0,0.0,0.0,0.2566306216693934,0.0,0.0,0.0,0.0,0.5279148537279059,0.4141499307173209,0.14371396524514438,0.71926003535984,0.8648087227564544,0.26730223858082436,0.0,1.0,0.0,0.0,0.0,1.0,0.0,0.0,0.0,1.0,0.0,0.0,0.0,0.0,1.0,0.0,0.0,1.0,0.0,0.0,0.0,0.0,0.0,0.0,1.0,0.0,0.0,0.0,1.0,0.0,0.0,1.0,0.0,0.0,0.0,0.0,0.0,0.0,1.0,0.0,0.0,1.0,0.0,0.0,0.0,1.0,0.0,0.0,0.0,1.0,0.0,0.0,1.0,0.0,1.0,0.0,1.0,0.0,1.0,0.0,0.0,1.0,0.0,0.0,489,270,0,0,1,0,0,0,0,0,0,0
28,0.26315990137562295,0.8847281275672768,0.74080211713777,0.4536446137855665,0.5902801075452669,0.032729980436462094,0.4281829787341151,0.5961491254145872,1.0,0.12631669083640543,0.08591795260199567,0.09550775612698802,0.5644997819389818,0.6953777152447467,0.3684465251223132,0.5786685983201534,0.17879487415376236,0.3617806972640311,1.0,0.11415931744176543,0.5462591462145333,0.2226095303949509,0.6921155966208032,0.4681549502331021,0.4427206485910039,0.5470815806260994,0.4283480432471145,0.9855430324582228,0.40121361729149396,0.20271558371111023,0.2399657221883305,0.31161061143970964,0.32093593896371364,0.5380996424757236,0.47285149785529146,0.5356946384923109,0.5351612121842617,0.0921571603846918,0.33145800015253823,0.6378297920881577,0.38649528852009457,0.5781368303504985,0.4604279943426429,0.41725392904747033,0.5790585527899683,0.14322301385543001,0.8064522818937139,0.009337388164997407,0.023123413732060172,0.9679864303940349,0.46309633475993484,0.0,0.2429851705966751,0.6703212395118664,0.0,0.792983444456931,0.89652660717696,0.254842311030818,0.0,0.0,0.0,0.0,0.7804283092371296,0.050517089139023134,0.4849485578391164,0.5315238504167554,0.9780448829904618,0.6977614191757677,0.0,1.0,0.0,1.0,0.0,0.0,0.0,0.0,0.0,0.0,0.0,0.0,1.0,0.0,1.0,0.0,0.0,0.0,0.0,0.0,0.0,1.0,0.0,0.0,0.0,0.0,1.0,0.0,1.0,0.0,0.0,0.0,0.0,0.0,0.0,1.0,0.0,0.0,0.0,0.0,1.0,1.0,0.0,0.0,0.0,1.0,0.0,0.0,0.0,1.0,0.0,0.0,1.0,0.0,1.0,0.0,1.0,0.0,1.0,0.0,0.0,1.0,0.0,0.0,500,300,0,1,0,0,0,0,0,0,0,0
29,0.38635886350670123,0.9164099117567052,0.9883914641535154,0.10810516324109615,0.0,1.0,0.41068216774886745,0.5353651144085686,0.8635736713552771,0.10769713816505296,0.08778051404997975,0.09614494547267206,0.6627738126229461,0.9397914256554372,0.09104945147175336,0.08390596799706629,1.0,0.34787807164390117,0.8383849228728848,0.10632956145128361,0.3932948280963115,0.18056218335618812,0.866421488079099,0.17598949528341234,0.006411900545782889,0.52558399296644,0.0,0.8103011614934614,0.3898908235991903,0.0,0.2762200296801708,0.3477491435295544,0.0,0.5698330996818104,0.3713769261713923,0.9689945154229891,0.020581564077036818,0.14677338470817314,0.35170324597878533,0.8568524261801893,0.44423775576197105,0.4300714604592767,0.4714305791178425,0.4308491152835828,0.48402960601720935,0.0,0.8072603483722212,0.007060727999431471,0.01596533063446781,0.97653065928289,0.42748899479122326,0.0,0.25903260233946146,1.0,0.0,0.634148716133853,0.9851159239168945,0.254842311030818,1.0,0.0,0.0,0.0,0.7581181444227578,0.055508881211551196,0.40745532846329924,0.9999999999999998,1.0,0.5907801846376639,0.0,1.0,0.0,1.0,0.0,0.0,0.0,0.0,0.0,0.0,1.0,0.0,0.0,0.0,1.0,0.0,0.0,0.0,0.0,0.0,1.0,0.0,0.0,0.0,0.0,0.0,0.0,1.0,1.0,0.0,0.0,0.0,0.0,0.0,1.0,0.0,0.0,0.0,0.0,0.0,1.0,1.0,0.0,0.0,0.0,1.0,0.0,0.0,0.0,1.0,0.0,0.0,1.0,0.0,1.0,0.0,1.0,0.0,1.0,0.0,0.0,1.0,0.0,0.0,489,270,0,1,0,0,0,0,0,0,0,0
30,0.6891448815886969,0.18528082446578803,0.1869573596309699,0.7313910279625313,0.49229318907556024,0.1275490218592449,0.3970816166490484,0.5236598464273992,0.7031687570779835,0.22287080843861573,0.2238062842256751,0.21920903967245145,0.3758118504380358,0.272597092820002,0.7216060554270851,0.2806633832782755,0.23283472703038344,0.3786612104451467,0.4874776434656648,0.3518191223537974,0.6796621582051519,0.5682710971900464,0.2667835562671734,1.0,0.0,0.5401665357644521,0.628934516302739,0.4281279241379881,0.7223332415539374,0.39531248854438683,0.6684332840872557,0.6825750434126959,0.5692633374241077,0.5112157641700232,0.5020897375481667,0.34118375519843025,0.560661161477295,0.1100578741698437,0.01905642576477634,0.570063443780835,0.060235304827899905,0.1528169653121837,0.03397967068200769,0.03346359526235032,0.7805245805828194,0.6770882777438179,0.9513270412054382,0.009569489245174978,0.028963425778837593,0.9415251488995153,0.09853161722882775,0.36546887369589387,0.4881281195120738,0.0,0.9074645354988816,0.0,0.0,0.0,0.0,0.0,0.0,0.0,0.1811727282594328,0.21081660080416065,0.012142187565712354,0.71926003535984,0.8648087227564544,0.0,0.8865852597665356,1.0,0.0,1.0,0.0,0.0,0.0,0.0,1.0,0.0,0.0,0.0,0.0,0.0,0.0,1.0,0.0,1.0,0.0,0.0,0.0,0.0,1.0,0.0,0.0,0.0,0.0,0.0,0.0,0.0,1.0,1.0,0.0,0.0,0.0,0.0,0.0,0.0,1.0,0.0,0.0,0.0,0.0,1.0,0.0,0.0,0.0,1.0,0.0,1.0,0.0,0.0,1.0,0.0,1.0,0.0,1.0,0.0,0.0,1.0,0.0,0.0,1.0,0.0,489,270,0,0,0,1,0,0,0,1,0,0
31,0.39506410573526907,0.8380701468011903,0.9824239601301259,0.0,0.35454151270512907,0.7802456361975043,0.4012092841817828,0.6936410556042458,0.8400035290142832,0.2073405499595075,0.16324910386868519,0.17038418442957137,0.6537246192816004,0.9843796644885334,0.0,0.3615499811438612,0.8823934257051367,0.3425584993411068,0.8065467729123157,0.2086223838895243,0.13293358639875297,0.27629472574802083,0.9123292993005596,0.07277383507666835,0.2573261390511123,0.511933257268874,0.009233400233851663,0.787593804356213,0.5742137546471097,0.07826566425361597,0.4500656127495527,0.5125804631977028,0.11316767816730544,0.46488541350160784,0.16964115638858568,0.7924335176155171,0.46685499554229204,0.07050068970274115,0.13829555519054615,0.5783830448678668,0.022243226541859895,0.6290967351174067,0.03612886924066927,0.01337586054777612,0.6399277277039666,0.6190579554483806,0.7383847183219139,0.0070245281495404654,0.01633728146489677,0.9767570600122681,0.41212313452406923,0.0,0.17858387852846397,0.9403285425525487,0.0,1.0,0.0,0.382263466546227,0.0,0.0,0.0,1.0,0.0,0.0,0.9299766584470015,0.71926003535984,0.8648087227564544,0.9999999999999999,0.0,1.0,0.0,1.0,0.0,0.0,0.0,0.0,0.0,0.0,0.0,0.0,1.0,0.0,1.0,0.0,0.0,0.0,0.0,0.0,1.0,0.0,0.0,0.0,0.0,0.0,0.0,1.0,1.0,0.0,0.0,0.0,0.0,0.0,0.0,0.0,1.0,0.0,1.0,0.0,0.0,1.0,0.0,0.0,0.0,1.0,0.0,0.0,0.0,1.0,0.0,0.0,1.0,0.0,1.0,0.0,1.0,0.0,1.0,0.0,0.0,1.0,0.0,0.0,489,270,0,1,0,0,0,0,0,0,0,0
32,0.5906609240656282,0.03360300118887816,0.15295732172083829,0.6438189584627234,0.744967722821471,0.10098502213167637,0.4292410028084996,0.4302138222554036,0.840245435856478,0.020540190619787978,0.021978178580966255,0.019857779321721628,0.14590415698207915,0.22302262563472397,0.5877248190510876,0.6513198123851309,0.17991233081747388,0.4352584877948727,0.9298455406915755,0.03209232323962255,0.6379112117618119,0.7588845664495384,0.15746028070498144,0.9278119041041187,0.43116160195501346,0.6361137918446518,0.4242267726016072,0.8888214454433725,0.21725984016084363,0.5203049152169272,0.24609831938577809,0.23177955854344767,0.5052356354692582,0.2506892467198618,0.7861226618788851,0.749873942692969,0.7577509031779603,0.8080828935919643,0.5031463755121216,0.49072518055140435,0.6500915542937822,1.0,0.5680496083401175,0.5917159513162786,0.2243920412457252,0.6717668605200557,0.9988341589146845,0.009792502120189006,0.029211035185817913,0.9403320537499127,0.23014711064955562,0.4469789809491933,0.4881281195120738,0.0,0.9836294800960638,0.0,0.0,0.0,0.0,0.0,0.0,0.0,0.0,0.0,0.029908644558398867,0.71926003535984,0.8648087227564544,0.0,0.8865852597665356,1.0,0.0,1.0,0.0,0.0,0.0,0.0,1.0,0.0,0.0,0.0,0.0,0.0,0.0,1.0,0.0,1.0,0.0,0.0,0.0,0.0,1.0,0.0,0.0,0.0,0.0,0.0,0.0,0.0,1.0,1.0,0.0,0.0,0.0,0.0,0.0,0.0,1.0,0.0,0.0,0.0,0.0,1.0,0.0,0.0,0.0,1.0,0.0,1.0,0.0,0.0,1.0,0.0,1.0,0.0,1.0,0.0,0.0,1.0,0.0,0.0,1.0,0.0,489,270,0,0,0,1,0,0,0,1,0,0
33,0.25696302481114586,0.3221009576067525,0.4721196287036651,0.3723696968521395,0.652598851742217,0.24513724230526313,0.37499669844288414,0.48881874452234875,0.9241304163953327,0.041259105905618675,0.008917518496858342,0.011197597963176043,0.2138005615927292,0.5285376662240429,0.2977996129294066,0.6062845614859935,0.3818781952153527,0.3232033391489914,0.934517776679376,0.048417594206884934,0.025178939523507915,0.3870663196674822,0.7050991457295342,0.26242396491390513,0.3751801249505386,0.4888171353021989,0.5314155189866948,0.9009663924175474,0.32097263254794206,0.12285377642327833,0.05475792143365167,0.08771147034633373,0.31004870761525694,0.4831563752228658,0.41230519308116265,0.7632809512670304,0.6351962611080284,0.010883729808804032,0.24232248310225568,0.5385361957041428,0.42069267951129713,0.747853498193347,0.5712968368857544,0.5724902953339905,0.23491416498263495,0.5742381336565117,0.0,0.9998673003908127,0.9948394170658519,0.014338911996414794,0.509820876134268,0.0,0.6299543491723492,0.7679983770706649,0.0,0.0,0.0,0.254842311030818,0.0,0.4677307157677201,0.0,0.0,0.5723071959198704,0.0,1.0,0.71926003535984,0.8648087227564544,0.8487298618234479,0.0,1.0,0.0,0.0,0.0,1.0,0.0,0.0,0.0,0.0,1.0,0.0,0.0,0.0,1.0,0.0,0.0,0.0,0.0,1.0,0.0,0.0,0.0,0.0,0.0,0.0,1.0,0.0,1.0,0.0,0.0,1.0,0.0,0.0,0.0,0.0,0.0,0.0,1.0,0.0,0.0,1.0,0.0,0.0,0.0,1.0,0.0,0.0,0.0,1.0,0.0,0.0,1.0,0.0,1.0,0.0,1.0,0.0,1.0,0.0,0.0,1.0,0.0,0.0,500,300,1,0,0,0,0,0,0,0,0,0
34,0.6067296863786753,0.1979169592236833,0.11926264175326118,0.5434624336758397,0.8123623675272356,0.20330267394301013,0.36568491696352157,0.43067019455678046,0.5947291595304194,0.0,0.0,0.0,0.3772326661064608,0.1756021465366191,0.43432956623180013,0.7506039127771381,0.37564699175283706,0.32309482289853675,0.17494648855571826,0.0,0.7283874293173571,0.8896281268208475,0.14169766499597367,0.5487888604315185,0.6242417787010367,0.48361183426436866,0.25930441802915405,0.1291464376311563,0.0,0.27053945265431545,0.0,0.0,0.30453869324567934,0.06701110318629766,0.9999999999999999,0.8884222912865893,0.30781210352841915,0.6568921417150896,0.8464674720844572,0.8609554623204754,1.0,0.43023464906346176,0.8999478528551929,0.9245391584399814,0.32634225139178796,0.00345993018033397,0.936180198541221,0.008455287358906993,0.025955193134372223,0.9464348798124895,0.20530922960253162,0.4371777655984898,0.4881281195120738,0.0,0.9763221204529968,0.0,0.5114352464503018,0.0,0.5,0.0,0.0,0.0,0.0,0.028818129575789046,0.027240821334840334,0.8893095393180893,0.936988288546238,0.05569299462981964,0.8865852597665356,1.0,0.0,1.0,0.0,0.0,0.0,0.0,1.0,0.0,0.0,0.0,0.0,0.0,0.0,1.0,0.0,1.0,0.0,0.0,0.0,0.0,1.0,0.0,0.0,0.0,0.0,0.0,0.0,0.0,1.0,1.0,0.0,0.0,0.0,0.0,0.0,0.0,0.0,1.0,0.0,0.0,0.0,1.0,0.0,0.0,0.0,1.0,0.0,1.0,0.0,0.0,1.0,0.0,1.0,0.0,1.0,0.0,0.0,1.0,0.0,0.0,1.0,0.0,489,270,0,0,0,1,0,0,0,1,0,0
35,0.5337487999343749,0.07212278566194408,0.17354175573594655,0.6493272473256136,0.724969858099999,0.1017397436060978,0.41171890237955927,0.3860853965819456,0.6469858382984879,0.02318920656154664,0.020263510945640162,0.02053977444895752,0.2624699200998458,0.24847529826126932,0.6221904564342893,0.5958785719116897,0.15879401814881866,0.4323019546384008,0.17527614201279085,0.038117541364214,0.530388174713337,0.6481137732331732,0.2253864207321033,0.9084943770554927,0.3793370404425137,0.6409916917413914,0.8276701141043208,0.12038314006905593,0.24188369802551585,0.40191928735383897,0.21528328880378764,0.22388373013529586,0.44607865215863307,0.27299221958528097,0.7603302474761323,0.6016147494844306,0.5426577622998692,0.6359006938738648,0.6407127376199073,0.7603299947524849,0.6319288073491922,0.6163905590855957,0.5783972684540638,0.5923712864683113,0.31401773250184495,0.6833847337534016,1.0,0.0025531418218918134,0.007759938233877328,0.9742927584871062,0.3117404996211135,0.4373084484698325,0.4881281195120738,0.0,0.9583494221915766,0.0,0.0,0.0637105777577045,0.0,0.0,0.0,0.0,0.0,0.0,0.0,0.71926003535984,0.8648087227564544,0.0777771073432692,0.8865852597665356,1.0,0.0,1.0,0.0,0.0,0.0,0.0,1.0,0.0,0.0,0.0,0.0,0.0,0.0,1.0,0.0,1.0,0.0,0.0,0.0,0.0,1.0,0.0,0.0,0.0,0.0,0.0,0.0,0.0,1.0,1.0,0.0,0.0,0.0,0.0,0.0,0.0,1.0,0.0,0.0,0.0,0.0,1.0,0.0,0.0,0.0,1.0,0.0,1.0,0.0,0.0,1.0,0.0,1.0,0.0,1.0,0.0,0.0,1.0,0.0,0.0,1.0,0.0,489,270,0,0,0,0,0,0,0,1,0,0
36,0.5337487999343749,0.029152547430756737,0.10296432245618337,0.6464626243791352,0.750582197438381,0.10186130639230301,0.4042822719589104,0.3860853965819456,0.646985838298488,0.013042597034004158,0.010325015034830838,0.010266457964625367,0.18919561629098897,0.1308674075407827,0.6171158323256034,0.6448803117136948,0.15675551234744306,0.4178768315012137,0.17527614201279085,0.01979311758650837,0.5254775044091609,1.0,0.0009907051463290406,0.9563263184532449,0.4353715773076558,0.6203073856486158,0.7965656351731878,0.12038314006905593,0.10103489099671917,0.4465419206767585,0.10868402786075118,0.10120171335428613,0.49103134379807944,0.0,0.848929828871663,0.6677250340413332,0.674168145174427,0.5463772126219276,0.7011065956528364,0.6691758144189848,0.6863212241138938,0.7278617869549616,0.6143091734309561,0.637397479730111,0.2939187959364762,0.6844812836344234,1.0,0.006686565292691071,0.018076278319510752,0.9532955099006202,0.3117404996211135,0.4373084484698325,0.4881281195120738,0.0,0.9375210119142667,0.0,0.0,0.127421155515409,0.0,0.0,0.0,0.0,0.0,0.0,0.2011866143884242,0.71926003535984,0.8648087227564544,0.0777771073432692,0.8865852597665356,1.0,0.0,1.0,0.0,0.0,0.0,0.0,1.0,0.0,0.0,0.0,0.0,0.0,0.0,1.0,0.0,1.0,0.0,0.0,0.0,0.0,1.0,0.0,0.0,0.0,0.0,0.0,0.0,0.0,1.0,1.0,0.0,0.0,0.0,0.0,0.0,0.0,1.0,0.0,0.0,0.0,0.0,1.0,0.0,0.0,0.0,1.0,0.0,1.0,0.0,0.0,1.0,0.0,1.0,0.0,1.0,0.0,0.0,1.0,0.0,0.0,1.0,0.0,489,270,0,0,0,0,0,0,0,1,0,0
37,0.6099388753219941,0.21167802829159593,0.10481559669198535,0.5647766949046742,0.6998578697200759,0.3256085794439473,0.2348816257534807,0.344718898368579,0.5262618954050846,0.010179074465530371,0.010810892148687655,0.010622124556091841,0.2362211256921516,0.18994482880942476,0.4560443503413639,0.6220934446335726,0.4862884641437592,0.1730725303086624,0.26143378068697903,0.017878059549841417,0.47786897424470115,0.872721711849495,0.12544824244359615,0.5934727236236064,0.4122474105876455,0.24850655787779252,0.6866158732254329,0.22571400445276396,0.09140967748774347,0.6380184297792767,0.07275409357939341,0.08734770473677325,0.8475341490329054,0.136733792523557,0.9861844295479726,0.6108316419111941,0.07893991252845867,0.615767568724675,0.7649887413931185,0.6330327543664183,0.9036895495365997,0.21090970287885114,0.837250237833309,0.8396554920364308,0.3139132770148143,0.015432355308799828,0.9287833741411369,0.0,0.0,1.0,0.15329160087910743,0.9468014893963167,0.8630155274694136,0.0,0.9958487348418085,0.0,0.5282297057628026,0.2075812085841514,0.9962762506541929,0.0,0.0,0.0,0.0,0.029764456423580905,0.0,0.8855621978752432,0.9377264656107768,0.05569299462981958,0.9999999999999999,1.0,0.0,1.0,0.0,0.0,0.0,0.0,0.0,0.0,1.0,0.0,0.0,0.0,0.0,0.0,1.0,0.0,0.0,0.0,1.0,0.0,1.0,0.0,0.0,0.0,0.0,0.0,0.0,0.0,1.0,1.0,0.0,0.0,0.0,0.0,0.0,0.0,0.0,1.0,0.0,0.0,0.0,0.0,1.0,0.0,0.0,0.0,1.0,0.0,1.0,0.0,0.0,1.0,0.0,1.0,0.0,1.0,1.0,0.0,0.0,1.0,0.0,0.0,489,270,0,0,0,0,1,0,0,0,0,0
38,0.3907227730204035,0.832115443246071,1.0,0.11912693162543897,0.09756788210485245,0.769799918052745,0.4090761328912295,0.4815464017918005,0.8645788799812382,0.20734054995950746,0.16324910386868524,0.17038418442957137,0.6486475383140483,0.9999999999999998,0.0949639742233861,0.14759805752422706,0.8724340732292641,0.35207047847399975,0.8418638411116073,0.20862238388952425,0.13293358639875286,0.24999781582372327,0.9299811943049722,0.17456057564026312,0.05642025472389567,0.5254828323270073,0.21473700354232306,0.8298751176916913,0.5742137546471096,0.07826566425361597,0.450065612749553,0.5125804631977028,0.11316767816730544,0.4796057790002233,0.15139327959309024,0.7129928905475165,0.41510236868205097,0.07050068970274126,0.13914382535890657,0.6838905730289944,0.022243226541859895,0.6677846616330866,0.03612886924066927,0.01337586054777612,0.6199564562978988,0.618857305651239,0.7383846257853648,0.007024410223857913,0.016319411734267764,0.9767572340463673,0.3860122524666256,0.0,0.19753409509154007,0.952561250723203,0.0,0.9931608250939105,0.0,0.254842311030818,0.0,0.0,0.0,1.0,0.18901336925063084,0.0,0.9264590412592133,0.71926003535984,0.8648087227564544,0.9999999999999999,0.0,1.0,0.0,1.0,0.0,0.0,0.0,0.0,0.0,0.0,0.0,0.0,1.0,0.0,1.0,0.0,0.0,0.0,0.0,0.0,1.0,0.0,0.0,0.0,0.0,0.0,0.0,1.0,1.0,0.0,0.0,0.0,0.0,0.0,0.0,0.0,1.0,0.0,1.0,0.0,0.0,1.0,0.0,0.0,0.0,1.0,0.0,0.0,0.0,1.0,0.0,0.0,1.0,0.0,1.0,0.0,1.0,0.0,1.0,0.0,0.0,1.0,0.0,0.0,489,270,0,1,0,0,0,0,0,0,0,0
39,0.5444622108857304,0.37963340466842344,0.45275548796504694,0.3760644972548449,0.7262657498341976,0.12260320372001675,0.4578684402932989,0.6289345895965632,0.817587339954758,0.07171370771519416,0.052088422856732645,0.04962138637705731,0.22488313883717986,0.4725560283457654,0.32563369277874166,0.6811818780702423,0.2610423157692518,0.3703616198293702,0.7560211699895488,0.06818086322717908,0.05844689450396373,0.4306437243504815,0.6006171394487028,0.3261655322290851,0.510720665836744,0.5768388073483931,0.8411964489663792,0.7188068636785256,0.4013743476610611,0.567829866207602,0.20916283626829918,0.2437488308996545,0.9322281984858124,0.6205795165799981,0.6444239186152342,0.5343493100678907,0.3900795373646284,0.24111479138752256,0.6068233012652671,0.3224455900812875,0.49484490433731904,0.23206370074862037,0.6176448872705406,0.6053589869670599,0.25701546080046045,0.6328906485510033,0.807249150784811,0.9998661953628858,0.9948176888617639,0.014338929025097258,0.4042869089555008,0.0,0.6744782804497442,0.791133954958241,0.0,0.0,0.0,0.5778141671866762,0.990332424726275,1.0,0.0,0.0,0.5807622457522316,0.0176924990316388,0.7744459425588186,0.9839241320832748,0.8648087227564544,0.8608580220841128,0.8865852597665356,1.0,0.0,0.0,0.0,1.0,0.0,0.0,0.0,1.0,0.0,0.0,0.0,0.0,1.0,0.0,0.0,0.0,0.0,1.0,0.0,0.0,0.0,0.0,0.0,0.0,1.0,0.0,1.0,0.0,0.0,1.0,0.0,0.0,0.0,0.0,0.0,0.0,1.0,0.0,0.0,0.0,0.0,1.0,0.0,0.0,0.0,1.0,0.0,0.0,1.0,0.0,1.0,0.0,0.0,1.0,1.0,0.0,0.0,1.0,0.0,0.0,1.0,0.0,489,270,1,0,0,0,0,0,0,0,0,0
40,0.5444590755508232,0.38476751372025875,0.449694218170402,0.37606449065604775,0.7262654871978271,0.12260074582071831,0.4752177997384942,0.6553383321972279,0.8393075789250318,0.0768735434408014,0.05634494159963064,0.054264059990757736,0.18973669059138187,0.4544360983716919,0.33561168159141874,0.685958797819228,0.2633077866034754,0.37432841224654745,0.7720949181407597,0.06807024081749678,0.051373686763076465,0.43671537867247845,0.592299244700787,0.3312276099837761,0.5126621597214187,0.5879955633455921,0.8756747756666636,0.7348523838010924,0.41556158713193464,0.6084334482477092,0.21513824091611827,0.25519864311196944,0.9772168175201461,0.6272077160931291,0.6446974969143754,0.50699908571073,0.37259838654433985,0.2378588110612122,0.5943474921830287,0.321723107610691,0.4819531590627811,0.20487463563051433,0.6169690866773668,0.5974086538173844,0.25810234439860436,0.6328875363360222,0.8072491507848305,0.9998665407328753,0.9948233642502098,0.014338929025074165,0.4312390437389706,0.0,0.6757007692712474,0.7938947269571939,0.0,0.0,0.0,0.7126804720637784,0.990332424726275,1.0,0.0,0.0,0.5807622457522316,0.017740680105319675,0.7770253983957219,0.9845469967969507,0.8648087227564544,0.8608580220841128,0.8865852597665356,1.0,0.0,0.0,0.0,1.0,0.0,0.0,0.0,1.0,0.0,0.0,0.0,0.0,1.0,0.0,0.0,0.0,0.0,1.0,0.0,0.0,0.0,0.0,0.0,0.0,1.0,0.0,1.0,0.0,0.0,1.0,0.0,0.0,0.0,0.0,0.0,0.0,1.0,0.0,0.0,0.0,0.0,1.0,0.0,0.0,0.0,1.0,0.0,0.0,1.0,0.0,1.0,0.0,0.0,1.0,1.0,0.0,0.0,1.0,0.0,0.0,1.0,0.0,489,270,1,0,0,0,0,0,0,0,0,0
41,0.3606936472486755,0.686687948359072,0.7645807763792652,0.4352046176931435,0.48828353213546344,0.2133843632018164,0.4303361289903128,0.5079365079365079,0.9211706879501657,0.4541442394820684,0.4326017610355888,0.43443615739800223,0.6532380083514762,0.8499670827138353,0.33190659845897935,0.4299038702158193,0.35613247464615555,0.3928709214786136,0.9833927622985319,0.4958315240662414,0.42960995444399064,0.039313507642263046,0.7916125561338547,0.4356580058456621,0.3203976817513341,0.5629960220122661,0.5805247219627323,1.0,0.7602017181553913,0.29028523477580426,0.6892842418599683,0.7194808552129338,0.46842667213173567,0.8702473978649636,0.14111032791957556,0.5989034051645139,0.34856214270906816,0.14813162493160814,0.0945828918147682,0.8618204153196478,0.030675297689455594,0.46090789001861887,0.017361908245992264,0.008673333930560467,0.7974117413346073,0.6411700801074165,0.8072550545442088,0.005992035528882056,0.010048354087642597,0.9684899929652993,0.4102821844889204,0.0,0.2942879040337242,0.6022857627473404,0.0,0.4017107442734555,0.0,0.0637105777577045,0.0,0.0,0.0,0.0,0.18923077536819422,0.4098397215095664,0.24540454328898628,0.71926003535984,0.8648087227564544,0.3089965606709708,0.0,1.0,0.0,1.0,0.0,0.0,0.0,0.0,0.0,1.0,0.0,0.0,0.0,0.0,1.0,0.0,0.0,0.0,0.0,1.0,0.0,0.0,0.0,0.0,0.0,0.0,1.0,0.0,1.0,0.0,0.0,0.0,0.0,1.0,0.0,0.0,0.0,0.0,1.0,0.0,0.0,1.0,0.0,0.0,0.0,1.0,0.0,0.0,0.0,1.0,0.0,0.0,1.0,0.0,1.0,0.0,1.0,0.0,1.0,0.0,0.0,1.0,0.0,0.0,489,270,0,1,0,0,0,0,0,0,0,0
42,0.5444731698736787,0.3744992958311525,0.4558169441615828,0.3760686686861383,0.7263347201988661,0.12284646888442342,0.4365972198982005,0.5966069053864499,0.7909661713300424,0.06532914928479416,0.04635672247384608,0.043666149129154085,0.26672414883945106,0.4944250593005052,0.3133560707078199,0.6753766389131997,0.2584580471733887,0.36265153805332073,0.7306381717968448,0.06724660433174753,0.06711831767565468,0.4252192255259055,0.6095395804803874,0.3202618565283739,0.5085566183956994,0.5594900542710752,0.7928518962365363,0.6930311629048482,0.3811881255495145,0.5120746187169771,0.1972053416044008,0.22603056452030615,0.8682496052336206,0.6119270467116538,0.6454295570255363,0.5685061587924563,0.41177565161040053,0.24828503266251023,0.6256261595792547,0.3276744566583134,0.5128724064215464,0.2674668440243666,0.6231018395383093,0.6185662736766027,0.25595045499338376,0.6328937809550552,0.8072491507838038,0.9998658503722666,0.9948120352276679,0.014338929024997782,0.37606643841751386,0.0,0.6720819550945114,0.7873928769294312,0.0,0.0,0.0,0.442947862309574,0.990332424726275,1.0,0.0,0.0,0.5807622457522316,0.017637189125627593,0.771090224424761,0.9832091088150243,0.8648087227564544,0.8608580220841128,0.8865852597665356,1.0,0.0,0.0,0.0,1.0,0.0,0.0,0.0,1.0,0.0,0.0,0.0,0.0,1.0,0.0,0.0,0.0,0.0,1.0,0.0,0.0,0.0,0.0,0.0,0.0,1.0,0.0,1.0,0.0,0.0,1.0,0.0,0.0,0.0,0.0,0.0,0.0,1.0,0.0,0.0,0.0,0.0,1.0,0.0,0.0,0.0,1.0,0.0,0.0,1.0,0.0,1.0,0.0,0.0,1.0,1.0,0.0,0.0,1.0,0.0,0.0,1.0,0.0,489,270,1,0,0,0,0,0,0,0,0,0
43,0.7533569621768006,0.014873320660633182,0.15018901735470816,0.6456461137009006,0.6571973040652302,0.18663256234357772,0.21633833950978484,0.49627519719544255,0.5790634381571613,0.016343046941896457,0.0034011388475100827,0.009586156501005217,0.16484619577159787,0.20376096550205086,0.6073237728661188,0.4479201661630349,0.36629973590136367,0.0,0.0,0.025934354099931955,0.11692793918182331,0.723990143588128,0.12579702074832547,0.9568277432015676,0.03468133483707081,0.0,0.36003842966653127,0.0,0.15748894146466927,1.0,0.051000790239809225,0.11916807371834112,0.8385681314401474,0.2787719588235529,0.8767115940766411,0.927279432980566,0.33077696480452645,0.7819677332142781,0.8871371631658065,0.13438642923256072,0.6301545790894714,0.317943983355805,0.6678323126095219,0.6843947357611193,0.4886266334420455,0.8069342079315291,0.7873059224357153,0.9999985821174393,0.9999690254140665,3.055333763768431e-13,0.2798003582866466,0.0,0.4881281195120738,0.4056665708615307,0.0,0.0,0.0,0.6388940882156204,0.0,0.0,0.0,0.0,0.14988811522664425,0.007701786622446081,0.16529100587696524,0.71926003535984,0.8648087227564544,0.26730223858082436,0.0,1.0,0.0,0.0,0.0,1.0,0.0,0.0,0.0,1.0,0.0,0.0,0.0,0.0,1.0,0.0,0.0,1.0,0.0,0.0,0.0,0.0,0.0,0.0,1.0,0.0,0.0,0.0,1.0,0.0,0.0,1.0,0.0,0.0,0.0,0.0,0.0,0.0,1.0,0.0,0.0,1.0,0.0,0.0,0.0,1.0,0.0,0.0,0.0,1.0,0.0,0.0,1.0,0.0,1.0,0.0,1.0,0.0,1.0,0.0,0.0,1.0,0.0,0.0,489,270,0,0,1,0,0,0,0,0,0,0
